Title,Price,oldValue,Link,RecordId
КЪЩА,380 000 €,,http://imot.bg/1j175941733397476,1j175941733397476
КЪЩА,460 000 € | Цената е без ДДС,,http://imot.bg/1j175959001277858,1j175959001277858
КЪЩА,533 333 € | Цената е без ДДС,,http://imot.bg/1j175620000336697,1j175620000336697
КЪЩА,650 000 €,,http://imot.bg/1j176217979039761,1j176217979039761
КЪЩА,650 000 €,,http://imot.bg/1j176196676890205,1j176196676890205
КЪЩА,750 000 €,,http://imot.bg/1j176115719338401,1j176115719338401
КЪЩА,681 207 € | Цената е без ДДС,,http://imot.bg/1j176002093872549,1j176002093872549
КЪЩА,900 000 €,,http://imot.bg/1j176201963921938,1j176201963921938
КЪЩА,780 000 € | Цената е без ДДС,,http://imot.bg/1j175682524104995,1j175682524104995
КЪЩА,780 000 € | Цената е без ДДС,,http://imot.bg/1j175682522487450,1j175682522487450
КЪЩА,948 000 €,,http://imot.bg/1j176201065331465,1j176201065331465
КЪЩА,820 000 € | Цената е без ДДС,,http://imot.bg/1j175682523236772,1j175682523236772
КЪЩА,1 040 000 €,,http://imot.bg/1j169849507640930,1j169849507640930
КЪЩА,1 040 000 €,,http://imot.bg/1j175827396973755,1j175827396973755
КЪЩА,1 150 000 €,,http://imot.bg/1j175941248708634,1j175941248708634
КЪЩА,1 200 000 €,,http://imot.bg/1j175586139920241,1j175586139920241
КЪЩА,1 200 000 €,,http://imot.bg/1j176193017980067,1j176193017980067
КЪЩА,1 200 000 €,,http://imot.bg/1j175472786745351,1j175472786745351
КЪЩА,1 350 000 €,,http://imot.bg/1j175253416663947,1j175253416663947
КЪЩА,1 450 000 €,,http://imot.bg/1j176176768632207,1j176176768632207
КЪЩА,1 500 000 €,,http://imot.bg/1j175701688197170,1j175701688197170
КЪЩА,1 550 000 €,,http://imot.bg/1j173227842377093,1j173227842377093
КЪЩА,1 575 000 €,,http://imot.bg/1j176218312564883,1j176218312564883
КЪЩА,Цена при запитване,,http://imot.bg/1j170533443770544,1j170533443770544
КЪЩА,Цена при запитване,,http://imot.bg/1j175551570920550,1j175551570920550
КЪЩА,360 000 €,,http://imot.bg/1j174920067996683,1j174920067996683
КЪЩА,730 000 €,,http://imot.bg/1j176222596674600,1j176222596674600
КЪЩА,740 000 €,,http://imot.bg/1j165166784208497,1j165166784208497
КЪЩА,670 000 € | Цената е без ДДС,,http://imot.bg/1j173851276882485,1j173851276882485
КЪЩА,670 000 € | Цената е без ДДС,,http://imot.bg/1j175275347885854,1j175275347885854
КЪЩА,845 000 €,,http://imot.bg/1j176222598050720,1j176222598050720
КЪЩА,720 000 € | Цената е без ДДС,,http://imot.bg/1j175869814532047,1j175869814532047
КЪЩА,780 000 € | Цената е без ДДС,,http://imot.bg/1j174887325118359,1j174887325118359
КЪЩА,936 000 €,,http://imot.bg/1j175743152245549,1j175743152245549
КЪЩА,960 000 €,,http://imot.bg/1j171387800471070,1j171387800471070
КЪЩА,990 000 €,,http://imot.bg/1j170515247971110,1j170515247971110
КЪЩА,850 000 € | Цената е без ДДС,,http://imot.bg/1j176190329634768,1j176190329634768
КЪЩА,1 050 000 €,,http://imot.bg/1j176059825150904,1j176059825150904
КЪЩА,1 560 000 €,,http://imot.bg/1j176072795193743,1j176072795193743
КЪЩА,2 300 000 €,,http://imot.bg/1j173315520769833,1j173315520769833
КЪЩА,Цена при запитване,,http://imot.bg/1j170533442085617,1j170533442085617
КЪЩА,370 000 €,,http://imot.bg/1j173099831551087,1j173099831551087
КЪЩА,420 000 €,,http://imot.bg/1j175215322484763,1j175215322484763
КЪЩА,500 000 €,,http://imot.bg/1j174014535744179,1j174014535744179
КЪЩА,487 000 € | Цената е без ДДС,,http://imot.bg/1j175439583179453,1j175439583179453
КЪЩА,590 000 €,,http://imot.bg/1j171162596845237,1j171162596845237
КЪЩА,625 000 €,,http://imot.bg/1j175308602307561,1j175308602307561
КЪЩА,650 000 €,,http://imot.bg/1j168380470361980,1j168380470361980
КЪЩА,650 000 €,,http://imot.bg/1j175499042697135,1j175499042697135
КЪЩА,659 000 €,,http://imot.bg/1j175872601091056,1j175872601091056
КЪЩА,700 000 €,,http://imot.bg/1j175913764513910,1j175913764513910
КЪЩА,720 000 €,,http://imot.bg/1j175801531420914,1j175801531420914
КЪЩА,610 000 € | Цената е без ДДС,,http://imot.bg/1j170133201967231,1j170133201967231
КЪЩА,610 000 € | Цената е без ДДС,,http://imot.bg/1j173877123600756,1j173877123600756
КЪЩА,610 000 € | Цената е без ДДС,,http://imot.bg/1j169943532504138,1j169943532504138
КЪЩА,778 840 €,,http://imot.bg/1j174948560134151,1j174948560134151
КЪЩА,778 840 €,,http://imot.bg/1j174948664801501,1j174948664801501
КЪЩА,649 550 € | Цената е без ДДС,,http://imot.bg/1j175509063163420,1j175509063163420
КЪЩА,650 000 € | Цената е без ДДС,,http://imot.bg/1j175319881620234,1j175319881620234
КЪЩА,784 884 €,,http://imot.bg/1j174948627112777,1j174948627112777
КЪЩА,790 000 €,,http://imot.bg/1j173218112643707,1j173218112643707
КЪЩА,790 000 €,,http://imot.bg/1j175066924481745,1j175066924481745
КЪЩА,800 000 €,,http://imot.bg/1j176072491698221,1j176072491698221
КЪЩА,670 000 € | Цената е без ДДС,,http://imot.bg/1j174725174393970,1j174725174393970
КЪЩА,670 000 € | Цената е без ДДС,,http://imot.bg/1j176175449956796,1j176175449956796
КЪЩА,670 000 € | Цената е без ДДС,,http://imot.bg/1j175682525034039,1j175682525034039
КЪЩА,670 000 € | Цената е без ДДС,,http://imot.bg/1j174281726337974,1j174281726337974
КЪЩА,670 000 € | Цената е без ДДС,,http://imot.bg/1j175990922928335,1j175990922928335
КЪЩА,670 000 € | Цената е без ДДС,,http://imot.bg/1j175336269020781,1j175336269020781
КЪЩА,830 000 €,,http://imot.bg/1j175492441125317,1j175492441125317
КЪЩА,830 000 €,,http://imot.bg/1j175715640490150,1j175715640490150
КЪЩА,834 999 €,,http://imot.bg/1j175636105868219,1j175636105868219
КЪЩА,729 000 € | Цената е без ДДС,,http://imot.bg/1j174168722664561,1j174168722664561
КЪЩА,729 000 € | Цената е без ДДС,,http://imot.bg/1j176111636095209,1j176111636095209
КЪЩА,880 000 €,,http://imot.bg/1j173807850484249,1j173807850484249
КЪЩА,890 000 €,,http://imot.bg/1j175826524102090,1j175826524102090
КЪЩА,890 000 €,,http://imot.bg/1j175372081558060,1j175372081558060
КЪЩА,899 000 €,,http://imot.bg/1j173753402270775,1j173753402270775
КЪЩА,899 000 €,,http://imot.bg/1j173753402754808,1j173753402754808
КЪЩА,750 000 € | Цената е без ДДС,,http://imot.bg/1j173136295670408,1j173136295670408
КЪЩА,760 000 € | Цената е без ДДС,,http://imot.bg/1j174725153827615,1j174725153827615
КЪЩА,760 000 € | Цената е без ДДС,,http://imot.bg/1j173096965071930,1j173096965071930
КЪЩА,760 000 € | Цената е без ДДС,,http://imot.bg/1j173852233456967,1j173852233456967
КЪЩА,780 000 € | Цената е без ДДС,,http://imot.bg/1j176175448308432,1j176175448308432
КЪЩА,780 000 € | Цената е без ДДС,,http://imot.bg/1j176175444850253,1j176175444850253
КЪЩА,780 000 € | Цената е без ДДС,,http://imot.bg/1j176112998888881,1j176112998888881
КЪЩА,780 000 € | Цената е без ДДС,,http://imot.bg/1j175336320035423,1j175336320035423
КЪЩА,960 000 €,,http://imot.bg/1j172413632287972,1j172413632287972
КЪЩА,960 000 €,,http://imot.bg/1j176044922690218,1j176044922690218
КЪЩА,960 000 €,,http://imot.bg/1j175248646036013,1j175248646036013
КЪЩА,820 000 € | Цената е без ДДС,,http://imot.bg/1j176175446561732,1j176175446561732
КЪЩА,990 000 €,,http://imot.bg/1j175274427445387,1j175274427445387
КЪЩА,999 999 €,,http://imot.bg/1j175636754457049,1j175636754457049
КЪЩА,999 999 €,,http://imot.bg/1j174134614828204,1j174134614828204
КЪЩА,1 000 000 €,,http://imot.bg/1j172493425848361,1j172493425848361
КЪЩА,835 120 € | Цената е без ДДС,,http://imot.bg/1j165587436603271,1j165587436603271
КЪЩА,835 120 € | Цената е без ДДС,,http://imot.bg/1j172727113249112,1j172727113249112
КЪЩА,836 000 € | Цената е без ДДС,,http://imot.bg/1j165583446562059,1j165583446562059
КЪЩА,850 000 € | Цената е без ДДС,,http://imot.bg/1j173711642206725,1j173711642206725
КЪЩА,850 000 € | Цената е без ДДС,,http://imot.bg/1j171093203517056,1j171093203517056
КЪЩА,890 000 € | Цената е без ДДС,,http://imot.bg/1j175299920800282,1j175299920800282
КЪЩА,1 099 000 €,,http://imot.bg/1j175981871046711,1j175981871046711
КЪЩА,1 100 000 €,,http://imot.bg/1j171749658021322,1j171749658021322
КЪЩА,1 100 000 €,,http://imot.bg/1j176172959438963,1j176172959438963
КЪЩА,1 100 000 €,,http://imot.bg/1j172051923193940,1j172051923193940
КЪЩА,1 100 000 €,,http://imot.bg/1j168236026308915,1j168236026308915
КЪЩА,1 100 000 €,,http://imot.bg/1j176001621817413,1j176001621817413
КЪЩА,1 150 000 €,,http://imot.bg/1j176220181871746,1j176220181871746
КЪЩА,1 150 000 €,,http://imot.bg/1j175551210121994,1j175551210121994
КЪЩА,1 150 000 €,,http://imot.bg/1j175871303297281,1j175871303297281
КЪЩА,1 200 000 €,,http://imot.bg/1j176176144737363,1j176176144737363
КЪЩА,1 200 000 €,,http://imot.bg/1j174731559279794,1j174731559279794
КЪЩА,1 200 000 €,,http://imot.bg/1j169184403483225,1j169184403483225
КЪЩА,1 225 000 €,,http://imot.bg/1j171930288321703,1j171930288321703
КЪЩА,1 021 357 € | Цената е без ДДС,,http://imot.bg/1j170239066700119,1j170239066700119
КЪЩА,1 250 000 €,,http://imot.bg/1j175076906850968,1j175076906850968
КЪЩА,1 250 000 €,,http://imot.bg/1j168545352302933,1j168545352302933
КЪЩА,1 050 000 € | Цената е без ДДС,,http://imot.bg/1j173316062109346,1j173316062109346
КЪЩА,1 280 000 €,,http://imot.bg/1j173694780867426,1j173694780867426
КЪЩА,1 290 000 €,,http://imot.bg/1j175552749928548,1j175552749928548
КЪЩА,1 290 000 €,,http://imot.bg/1j176120336808996,1j176120336808996
КЪЩА,1 300 000 €,,http://imot.bg/1j173046079722211,1j173046079722211
КЪЩА,1 350 000 €,,http://imot.bg/1j172295045855109,1j172295045855109
КЪЩА,1 390 000 €,,http://imot.bg/1j172363455277649,1j172363455277649
КЪЩА,1 200 000 € | Цената е без ДДС,,http://imot.bg/1j170490240200984,1j170490240200984
КЪЩА,1 200 000 € | Цената е без ДДС,,http://imot.bg/1j173799360233784,1j173799360233784
КЪЩА,1 450 000 €,,http://imot.bg/1j169892286929535,1j169892286929535
КЪЩА,1 450 000 €,,http://imot.bg/1j161986869633628,1j161986869633628
КЪЩА,1 450 000 €,,http://imot.bg/1j174584913685698,1j174584913685698
КЪЩА,1 450 000 €,,http://imot.bg/1j174799604123903,1j174799604123903
КЪЩА,1 450 000 €,,http://imot.bg/1j167837020495626,1j167837020495626
КЪЩА,1 210 000 € | Цената е без ДДС,,http://imot.bg/1j169634612102169,1j169634612102169
КЪЩА,1 550 000 €,,http://imot.bg/1j173078463563479,1j173078463563479
КЪЩА,1 550 000 €,,http://imot.bg/1j176170748800270,1j176170748800270
КЪЩА,1 560 000 €,,http://imot.bg/1j176164141269120,1j176164141269120
КЪЩА,1 590 000 €,,http://imot.bg/1j173373782374551,1j173373782374551
КЪЩА,1 600 000 €,,http://imot.bg/1j174585439042809,1j174585439042809
КЪЩА,1 600 000 €,,http://imot.bg/1j174669186836197,1j174669186836197
КЪЩА,1 348 000 € | Цената е без ДДС,,http://imot.bg/1j175991821307197,1j175991821307197
КЪЩА,1 750 000 €,,http://imot.bg/1j175405410624392,1j175405410624392
КЪЩА,1 480 000 € | Цената е без ДДС,,http://imot.bg/1j176061781553763,1j176061781553763
КЪЩА,1 790 000 €,,http://imot.bg/1j173437502203310,1j173437502203310
КЪЩА,1 615 100 € | Цената е без ДДС,,http://imot.bg/1j167886942861519,1j167886942861519
КЪЩА,1 615 100 € | Цената е без ДДС,,http://imot.bg/1j174704315803730,1j174704315803730
КЪЩА,1 990 600 €,,http://imot.bg/1j176208441644412,1j176208441644412
КЪЩА,2 000 000 €,,http://imot.bg/1j173979572370426,1j173979572370426
КЪЩА,1 711 200 € | Цената е без ДДС,,http://imot.bg/1j170228691952092,1j170228691952092
КЪЩА,2 095 000 €,,http://imot.bg/1j170842063572719,1j170842063572719
КЪЩА,2 195 000 €,,http://imot.bg/1j174135831445641,1j174135831445641
КЪЩА,2 290 000 €,,http://imot.bg/1j172968261386115,1j172968261386115
КЪЩА,2 297 000 €,,http://imot.bg/1j171527763068041,1j171527763068041
КЪЩА,2 299 000 €,,http://imot.bg/1j117981334619022,1j117981334619022
КЪЩА,2 299 000 €,,http://imot.bg/1j174116461841343,1j174116461841343
КЪЩА,2 300 000 €,,http://imot.bg/1j170829762471530,1j170829762471530
КЪЩА,2 300 000 €,,http://imot.bg/1j171094245777908,1j171094245777908
КЪЩА,2 500 000 €,,http://imot.bg/1j175906984202875,1j175906984202875
КЪЩА,2 500 000 €,,http://imot.bg/1j166926885107588,1j166926885107588
КЪЩА,3 000 000 €,,http://imot.bg/1j173038495640468,1j173038495640468
КЪЩА,3 500 000 €,,http://imot.bg/1j173288460194881,1j173288460194881
КЪЩА,3 600 000 €,,http://imot.bg/1j171769083258406,1j171769083258406
КЪЩА,3 600 000 €,,http://imot.bg/1j176007955499881,1j176007955499881
КЪЩА,3 600 000 €,,http://imot.bg/1j164009748130112,1j164009748130112
КЪЩА,5 000 000 €,,http://imot.bg/1j176070175331438,1j176070175331438
КЪЩА,5 000 000 € | Цената е без ДДС,,http://imot.bg/1j176080144931110,1j176080144931110
КЪЩА,6 135 000 €,,http://imot.bg/1j159972691584399,1j159972691584399
КЪЩА,Цена при запитване,,http://imot.bg/1j170533445320218,1j170533445320218
КЪЩА,Цена при запитване,,http://imot.bg/1j170533440345384,1j170533440345384
КЪЩА,Цена при запитване,,http://imot.bg/1j171948089806610,1j171948089806610
КЪЩА,Цена при запитване,,http://imot.bg/1j173434321968617,1j173434321968617
КЪЩА,Цена при запитване,,http://imot.bg/1j175631701950602,1j175631701950602
КЪЩА,Цена при запитване,,http://imot.bg/1j175647840705328,1j175647840705328
